{
	"configs" : [
		{
			"remarks" : "剩余流量：72.03% 36.21GB",
			"id" : "AFF7E5D3BECA0F4A3D15B2323BFDF8CE",
			"server" : "www.google.com",
			"server_port" : 1,
			"server_udp_port" : 0,
			"password" : "breakwall",
			"method" : "chacha20",
			"protocol" : "auth_chain_a",
			"protocolparam" : "",
			"obfs" : "tls1.2_ticket_auth",
			"obfsparam" : "",
			"remarks_base64" : "5Ymp5L2Z5rWB6YeP77yaNzIuMDMlIDM2LjIxR0I",
			"group" : "酸酸乳加速器",
			"enable" : true,
			"udp_over_tcp" : false
		},
		{
			"remarks" : "过期时间：2020-02-07 00:18:00",
			"id" : "04BB1129B9213227359050B1548C55A1",
			"server" : "www.google.com",
			"server_port" : 2,
			"server_udp_port" : 0,
			"password" : "breakwall",
			"method" : "chacha20",
			"protocol" : "auth_chain_a",
			"protocolparam" : "",
			"obfs" : "tls1.2_ticket_auth",
			"obfsparam" : "",
			"remarks_base64" : "6L-H5pyf5pe26Ze077yaMjAyMC0wMi0wNyAwMDoxODowMA",
			"group" : "酸酸乳加速器",
			"enable" : true,
			"udp_over_tcp" : false
		},
		{
			"remarks" : "俄罗斯 VIP1节点1 - 200M宽带  允许下载，允许视频，加速游戏略差",
			"id" : "25B5FD35C99FCDD406F13D409D44341A",
			"server" : "2.56.241.23",
			"server_port" : 38901,
			"server_udp_port" : 0,
			"password" : "9ax3yu",
			"method" : "chacha20",
			"protocol" : "auth_sha1_v4",
			"protocolparam" : "",
			"obfs" : "http_simple",
			"obfsparam" : "",
			"remarks_base64" : "5L-E572X5pavIFZJUDHoioLngrkxIC0gMjAwTeWuveW4piAg5YWB6K645LiL6L2977yM5YWB6K646KeG6aKR77yM5Yqg6YCf5ri45oiP55Wl5beu",
			"group" : "酸酸乳加速器",
			"enable" : true,
			"udp_over_tcp" : false
		},
		{
			"remarks" : "台湾 VIP2节点1 - 100M带宽  禁止下载，允许视频，游戏加速效果好",
			"id" : "23DE451FE7BD3878E3BAA7DBC7736E38",
			"server" : "116.206.74.197",
			"server_port" : 38901,
			"server_udp_port" : 0,
			"password" : "9ax3yu",
			"method" : "chacha20",
			"protocol" : "auth_sha1_v4",
			"protocolparam" : "",
			"obfs" : "http_simple",
			"obfsparam" : "",
			"remarks_base64" : "5Y-w5rm-IFZJUDLoioLngrkxIC0gMTAwTeW4puWuvSAg56aB5q2i5LiL6L2977yM5YWB6K646KeG6aKR77yM5ri45oiP5Yqg6YCf5pWI5p6c5aW9",
			"group" : "酸酸乳加速器",
			"enable" : true,
			"udp_over_tcp" : false
		},
		{
			"remarks" : "日本 VIP2节点1 - 30M宽带  禁止下载，允许视频，游戏加速效果好",
			"id" : "C545090A67E9F57AA554B925BFFCA554",
			"server" : "202.218.34.195",
			"server_port" : 38901,
			"server_udp_port" : 0,
			"password" : "9ax3yu",
			"method" : "chacha20",
			"protocol" : "auth_sha1_v4",
			"protocolparam" : "",
			"obfs" : "http_simple",
			"obfsparam" : "",
			"remarks_base64" : "5pel5pysIFZJUDLoioLngrkxIC0gMzBN5a695bimICDnpoHmraLkuIvovb3vvIzlhYHorrjop4bpopHvvIzmuLjmiI_liqDpgJ_mlYjmnpzlpb0",
			"group" : "酸酸乳加速器",
			"enable" : true,
			"udp_over_tcp" : false
		},
		{
			"remarks" : "美国 VIP1节点1 - 200M带宽  允许下载，允许视频，加速游戏略差",
			"id" : "2BD5998798B90B24E65DD7C0ACA44830",
			"server" : "173.82.245.225",
			"server_port" : 38901,
			"server_udp_port" : 0,
			"password" : "9ax3yu",
			"method" : "chacha20",
			"protocol" : "auth_sha1_v4",
			"protocolparam" : "",
			"obfs" : "http_simple",
			"obfsparam" : "",
			"remarks_base64" : "576O5Zu9IFZJUDHoioLngrkxIC0gMjAwTeW4puWuvSAg5YWB6K645LiL6L2977yM5YWB6K646KeG6aKR77yM5Yqg6YCf5ri45oiP55Wl5beu",
			"group" : "酸酸乳加速器",
			"enable" : true,
			"udp_over_tcp" : false
		},
		{
			"remarks" : "韩国 VIP2节点1 - 100M宽带  禁止下载，允许视频，游戏加速效果好",
			"id" : "4EB440DA180FD5C0B83FA0C92F636DC3",
			"server" : "202.168.155.103",
			"server_port" : 38901,
			"server_udp_port" : 0,
			"password" : "9ax3yu",
			"method" : "chacha20",
			"protocol" : "auth_sha1_v4",
			"protocolparam" : "",
			"obfs" : "http_simple",
			"obfsparam" : "",
			"remarks_base64" : "6Z-p5Zu9IFZJUDLoioLngrkxIC0gMTAwTeWuveW4piAg56aB5q2i5LiL6L2977yM5YWB6K646KeG6aKR77yM5ri45oiP5Yqg6YCf5pWI5p6c5aW9",
			"group" : "酸酸乳加速器",
			"enable" : true,
			"udp_over_tcp" : false
		},
		{
			"remarks" : "香港 VIP2节点2 - 30M宽带  禁止下载，允许视频，游戏加速效果好",
			"id" : "B5AACBB4836CEAB6168EAA7AFB9C93D0",
			"server" : "43.239.158.37",
			"server_port" : 38901,
			"server_udp_port" : 0,
			"password" : "9ax3yu",
			"method" : "chacha20",
			"protocol" : "auth_sha1_v4",
			"protocolparam" : "",
			"obfs" : "http_simple",
			"obfsparam" : "",
			"remarks_base64" : "6aaZ5rivIFZJUDLoioLngrkyIC0gMzBN5a695bimICDnpoHmraLkuIvovb3vvIzlhYHorrjop4bpopHvvIzmuLjmiI_liqDpgJ_mlYjmnpzlpb0",
			"group" : "酸酸乳加速器",
			"enable" : true,
			"udp_over_tcp" : false
		},
		{
			"remarks" : "香港 VIP2节点1 - 30M宽带  禁止下载，允许视频，游戏加速效果好",
			"id" : "CF28D842589ADFE849EF82D645490105",
			"server" : "47.240.6.230",
			"server_port" : 38901,
			"server_udp_port" : 0,
			"password" : "9ax3yu",
			"method" : "chacha20",
			"protocol" : "auth_sha1_v4",
			"protocolparam" : "",
			"obfs" : "http_simple",
			"obfsparam" : "",
			"remarks_base64" : "6aaZ5rivIFZJUDLoioLngrkxIC0gMzBN5a695bimICDnpoHmraLkuIvovb3vvIzlhYHorrjop4bpopHvvIzmuLjmiI_liqDpgJ_mlYjmnpzlpb0",
			"group" : "酸酸乳加速器",
			"enable" : true,
			"udp_over_tcp" : false
		},
		{
			"remarks" : "日本 VIP2节点2 - 1000M宽带 允许下载，允许视频，游戏加速效果好",
			"id" : "CAA7B152F334AAEFAAC99ACB74197B79",
			"server" : "194.156.230.17",
			"server_port" : 38901,
			"server_udp_port" : 0,
			"password" : "9ax3yu",
			"method" : "chacha20",
			"protocol" : "auth_sha1_v4",
			"protocolparam" : "",
			"obfs" : "http_simple",
			"obfsparam" : "",
			"remarks_base64" : "5pel5pysIFZJUDLoioLngrkyIC0gMTAwME3lrr3luKYg5YWB6K645LiL6L2977yM5YWB6K646KeG6aKR77yM5ri45oiP5Yqg6YCf5pWI5p6c5aW9",
			"group" : "酸酸乳加速器",
			"enable" : true,
			"udp_over_tcp" : false
		}
	],
	"index" : 9,
	"random" : false,
	"sysProxyMode" : 3,
	"shareOverLan" : true,
	"localPort" : 1080,
	"localAuthPassword" : "ZGQx8kFvThYbqWMJdlkB",
	"dnsServer" : "",
	"reconnectTimes" : 2,
	"randomAlgorithm" : 3,
	"randomInGroup" : false,
	"TTL" : 0,
	"connectTimeout" : 5,
	"proxyRuleMode" : 0,
	"proxyEnable" : false,
	"pacDirectGoProxy" : false,
	"proxyType" : 0,
	"proxyHost" : "",
	"proxyPort" : 0,
	"proxyAuthUser" : "",
	"proxyAuthPass" : "",
	"proxyUserAgent" : "",
	"authUser" : "",
	"authPass" : "",
	"autoBan" : false,
	"sameHostForSameTarget" : false,
	"keepVisitTime" : 180,
	"isHideTips" : false,
	"nodeFeedAutoUpdate" : true,
	"serverSubscribes" : [
		{
			"URL" : "http://miaotussr.com/link/4rtftmGXCgaKvj8M?mu=0",
			"Group" : "酸酸乳加速器"
		}
	],
	"token" : {

	},
	"portMap" : {

	}
}