{
	"43.255.191.247" : {
		"totalUploadBytes" : 24375990,
		"totalDownloadBytes" : 561579898
	},
	"193.37.57.205" : {
		"totalUploadBytes" : 4723582,
		"totalDownloadBytes" : 124878018
	},
	"m1.qiandu.ml" : {
		"totalUploadBytes" : 1271319,
		"totalDownloadBytes" : 3677103
	},
	"103.124.104.110" : {
		"totalUploadBytes" : 678374,
		"totalDownloadBytes" : 669487
	},
	"46.17.42.157" : {
		"totalUploadBytes" : 649,
		"totalDownloadBytes" : 3761
	},
	"1.qiandu.ml" : {
		"totalUploadBytes" : 4578107,
		"totalDownloadBytes" : 13681747
	},
	"33.qiandu.ml" : {
		"totalUploadBytes" : 10440445,
		"totalDownloadBytes" : 84509715
	},
	"81.90.189.82" : {
		"totalUploadBytes" : 70146,
		"totalDownloadBytes" : 8423556
	},
	"35.241.96.253" : {
		"totalUploadBytes" : 602316,
		"totalDownloadBytes" : 32325816
	},
	"x4.qiandu.ml" : {
		"totalUploadBytes" : 3264118,
		"totalDownloadBytes" : 348938018
	},
	"hk.ssr2018.cf" : {
		"totalUploadBytes" : 663480,
		"totalDownloadBytes" : 4644381
	},
	"hkggc.miaotussr.com" : {
		"totalUploadBytes" : 896224,
		"totalDownloadBytes" : 15517380
	},
	"hkaly.miaotussr.com" : {
		"totalUploadBytes" : 81310878,
		"totalDownloadBytes" : 5157074605
	},
	"us1.miaotussr.com" : {
		"totalUploadBytes" : 90373415,
		"totalDownloadBytes" : 4065554418
	},
	"jp.miaotussr.com" : {
		"totalUploadBytes" : 552858637,
		"totalDownloadBytes" : 25764855997
	},
	"43.251.182.164" : {
		"totalUploadBytes" : 1100212,
		"totalDownloadBytes" : 9425234
	},
	"hg.miaotussr.com" : {
		"totalUploadBytes" : 165866,
		"totalDownloadBytes" : 545816
	},
	"203.183.66.185" : {
		"totalUploadBytes" : 39805484,
		"totalDownloadBytes" : 1028385046
	},
	"202.218.34.195" : {
		"totalUploadBytes" : 13702509,
		"totalDownloadBytes" : 306317638
	},
	"2.56.241.23" : {
		"totalUploadBytes" : 1079157,
		"totalDownloadBytes" : 476298685
	},
	"116.206.74.197" : {
		"totalUploadBytes" : 3709,
		"totalDownloadBytes" : 933
	},
	"173.82.245.225" : {
		"totalUploadBytes" : 2588336,
		"totalDownloadBytes" : 25824173
	},
	"194.156.230.17" : {
		"totalUploadBytes" : 435566741,
		"totalDownloadBytes" : 25979469893
	}
}